date,series,series_id,value,value_yoy_pct
2017-01-01,cpi_all_items,CUSR0000SA0,243.618,
2017-02-01,cpi_all_items,CUSR0000SA0,244.006,
2017-03-01,cpi_all_items,CUSR0000SA0,243.892,
2017-04-01,cpi_all_items,CUSR0000SA0,244.193,
2017-05-01,cpi_all_items,CUSR0000SA0,244.004,
2017-06-01,cpi_all_items,CUSR0000SA0,244.163,
2017-07-01,cpi_all_items,CUSR0000SA0,244.243,
2017-08-01,cpi_all_items,CUSR0000SA0,245.183,
2017-09-01,cpi_all_items,CUSR0000SA0,246.435,
2017-10-01,cpi_all_items,CUSR0000SA0,246.626,
2017-11-01,cpi_all_items,CUSR0000SA0,247.284,
2017-12-01,cpi_all_items,CUSR0000SA0,247.805,
2018-01-01,cpi_all_items,CUSR0000SA0,248.859,2.15
2018-02-01,cpi_all_items,CUSR0000SA0,249.529,2.26
2018-03-01,cpi_all_items,CUSR0000SA0,249.577,2.33
2018-04-01,cpi_all_items,CUSR0000SA0,250.227,2.47
2018-05-01,cpi_all_items,CUSR0000SA0,250.792,2.78
2018-06-01,cpi_all_items,CUSR0000SA0,251.018,2.81
2018-07-01,cpi_all_items,CUSR0000SA0,251.214,2.85
2018-08-01,cpi_all_items,CUSR0000SA0,251.663,2.64
2018-09-01,cpi_all_items,CUSR0000SA0,252.182,2.33
2018-10-01,cpi_all_items,CUSR0000SA0,252.772,2.49
2018-11-01,cpi_all_items,CUSR0000SA0,252.594,2.15
2018-12-01,cpi_all_items,CUSR0000SA0,252.767,2.0
2019-01-01,cpi_all_items,CUSR0000SA0,252.561,1.49
2019-02-01,cpi_all_items,CUSR0000SA0,253.319,1.52
2019-03-01,cpi_all_items,CUSR0000SA0,254.277,1.88
2019-04-01,cpi_all_items,CUSR0000SA0,255.233,2.0
2019-05-01,cpi_all_items,CUSR0000SA0,255.296,1.8
2019-06-01,cpi_all_items,CUSR0000SA0,255.213,1.67
2019-07-01,cpi_all_items,CUSR0000SA0,255.802,1.83
2019-08-01,cpi_all_items,CUSR0000SA0,256.036,1.74
2019-09-01,cpi_all_items,CUSR0000SA0,256.43,1.68
2019-10-01,cpi_all_items,CUSR0000SA0,257.155,1.73
2019-11-01,cpi_all_items,CUSR0000SA0,257.879,2.09
2019-12-01,cpi_all_items,CUSR0000SA0,258.63,2.32
2020-01-01,cpi_all_items,CUSR0000SA0,259.127,2.6
2020-02-01,cpi_all_items,CUSR0000SA0,259.25,2.34
2020-03-01,cpi_all_items,CUSR0000SA0,258.076,1.49
2020-04-01,cpi_all_items,CUSR0000SA0,256.032,0.31
2020-05-01,cpi_all_items,CUSR0000SA0,255.802,0.2
2020-06-01,cpi_all_items,CUSR0000SA0,257.042,0.72
2020-07-01,cpi_all_items,CUSR0000SA0,258.352,1.0
2020-08-01,cpi_all_items,CUSR0000SA0,259.316,1.28
2020-09-01,cpi_all_items,CUSR0000SA0,259.997,1.39
2020-10-01,cpi_all_items,CUSR0000SA0,260.319,1.23
2020-11-01,cpi_all_items,CUSR0000SA0,260.911,1.18
2020-12-01,cpi_all_items,CUSR0000SA0,262.045,1.32
2021-01-01,cpi_all_items,CUSR0000SA0,262.687,1.37
2021-02-01,cpi_all_items,CUSR0000SA0,263.579,1.67
2021-03-01,cpi_all_items,CUSR0000SA0,264.961,2.67
2021-04-01,cpi_all_items,CUSR0000SA0,266.614,4.13
2021-05-01,cpi_all_items,CUSR0000SA0,268.383,4.92
2021-06-01,cpi_all_items,CUSR0000SA0,270.654,5.3
2021-07-01,cpi_all_items,CUSR0000SA0,271.903,5.25
2021-08-01,cpi_all_items,CUSR0000SA0,272.676,5.15
2021-09-01,cpi_all_items,CUSR0000SA0,273.91,5.35
2021-10-01,cpi_all_items,CUSR0000SA0,276.55,6.24
2021-11-01,cpi_all_items,CUSR0000SA0,278.919,6.9
2021-12-01,cpi_all_items,CUSR0000SA0,280.845,7.17
2022-01-01,cpi_all_items,CUSR0000SA0,282.543,7.56
2022-02-01,cpi_all_items,CUSR0000SA0,284.5,7.94
2022-03-01,cpi_all_items,CUSR0000SA0,287.674,8.57
2022-04-01,cpi_all_items,CUSR0000SA0,288.561,8.23
2022-05-01,cpi_all_items,CUSR0000SA0,291.298,8.54
2022-06-01,cpi_all_items,CUSR0000SA0,294.957,8.98
2022-07-01,cpi_all_items,CUSR0000SA0,294.913,8.46
2022-08-01,cpi_all_items,CUSR0000SA0,295.097,8.22
2022-09-01,cpi_all_items,CUSR0000SA0,296.349,8.19
2022-10-01,cpi_all_items,CUSR0000SA0,298.007,7.76
2022-11-01,cpi_all_items,CUSR0000SA0,298.786,7.12
2022-12-01,cpi_all_items,CUSR0000SA0,298.832,6.4
2023-01-01,cpi_all_items,CUSR0000SA0,300.42,6.33
2023-02-01,cpi_all_items,CUSR0000SA0,301.45,5.96
2023-03-01,cpi_all_items,CUSR0000SA0,301.821,4.92
2023-04-01,cpi_all_items,CUSR0000SA0,302.845,4.95
2023-05-01,cpi_all_items,CUSR0000SA0,303.334,4.13
2023-06-01,cpi_all_items,CUSR0000SA0,304.014,3.07
2023-07-01,cpi_all_items,CUSR0000SA0,304.609,3.29
2023-08-01,cpi_all_items,CUSR0000SA0,306.082,3.72
2023-09-01,cpi_all_items,CUSR0000SA0,307.276,3.69
2023-10-01,cpi_all_items,CUSR0000SA0,307.696,3.25
2023-11-01,cpi_all_items,CUSR0000SA0,308.148,3.13
2023-12-01,cpi_all_items,CUSR0000SA0,308.741,3.32
2024-01-01,cpi_all_items,CUSR0000SA0,309.698,3.09
2024-02-01,cpi_all_items,CUSR0000SA0,310.967,3.16
2024-03-01,cpi_all_items,CUSR0000SA0,312.345,3.49
2024-04-01,cpi_all_items,CUSR0000SA0,313.023,3.36
2024-05-01,cpi_all_items,CUSR0000SA0,313.175,3.24
2024-06-01,cpi_all_items,CUSR0000SA0,313.044,2.97
2024-07-01,cpi_all_items,CUSR0000SA0,313.569,2.94
2024-08-01,cpi_all_items,CUSR0000SA0,314.062,2.61
2024-09-01,cpi_all_items,CUSR0000SA0,314.732,2.43
2024-10-01,cpi_all_items,CUSR0000SA0,315.631,2.58
2024-11-01,cpi_all_items,CUSR0000SA0,316.528,2.72
2024-12-01,cpi_all_items,CUSR0000SA0,317.604,2.87
2025-01-01,cpi_all_items,CUSR0000SA0,318.961,2.99
2025-02-01,cpi_all_items,CUSR0000SA0,319.679,2.8
2025-03-01,cpi_all_items,CUSR0000SA0,319.785,2.38
2025-04-01,cpi_all_items,CUSR0000SA0,320.302,2.33
2025-05-01,cpi_all_items,CUSR0000SA0,320.62,2.38
2025-06-01,cpi_all_items,CUSR0000SA0,321.435,2.68
2025-07-01,cpi_all_items,CUSR0000SA0,322.169,2.74
2025-08-01,cpi_all_items,CUSR0000SA0,323.291,2.94
2025-09-01,cpi_all_items,CUSR0000SA0,324.245,3.02
2025-11-01,cpi_all_items,CUSR0000SA0,325.063,2.99
2025-12-01,cpi_all_items,CUSR0000SA0,326.031,3.0
2026-01-01,cpi_all_items,CUSR0000SA0,326.588,2.83
2026-02-01,cpi_all_items,CUSR0000SA0,327.46,2.66
2026-03-01,cpi_all_items,CUSR0000SA0,330.293,3.32
2026-04-01,cpi_all_items,CUSR0000SA0,332.407,3.95
2026-05-01,cpi_all_items,CUSR0000SA0,333.979,4.27
2026-06-01,cpi_all_items,CUSR0000SA0,332.568,3.73
2026-07-01,cpi_all_items,CUSR0000SA0,332.813,3.54
2026-08-01,cpi_all_items,CUSR0000SA0,334.131,3.71
2017-01-01,cpi_gasoline_all_types,CUSR0000SETB01,217.892,
2017-02-01,cpi_gasoline_all_types,CUSR0000SETB01,213.626,
2017-03-01,cpi_gasoline_all_types,CUSR0000SETB01,210.69,
2017-04-01,cpi_gasoline_all_types,CUSR0000SETB01,209.074,
2017-05-01,cpi_gasoline_all_types,CUSR0000SETB01,197.848,
2017-06-01,cpi_gasoline_all_types,CUSR0000SETB01,195.797,
2017-07-01,cpi_gasoline_all_types,CUSR0000SETB01,191.889,
2017-08-01,cpi_gasoline_all_types,CUSR0000SETB01,203.585,
2017-09-01,cpi_gasoline_all_types,CUSR0000SETB01,228.252,
2017-10-01,cpi_gasoline_all_types,CUSR0000SETB01,218.99,
2017-11-01,cpi_gasoline_all_types,CUSR0000SETB01,228.908,
2017-12-01,cpi_gasoline_all_types,CUSR0000SETB01,228.888,
2018-01-01,cpi_gasoline_all_types,CUSR0000SETB01,235.325,8.0
2018-02-01,cpi_gasoline_all_types,CUSR0000SETB01,239.767,12.24
2018-03-01,cpi_gasoline_all_types,CUSR0000SETB01,231.325,9.79
2018-04-01,cpi_gasoline_all_types,CUSR0000SETB01,238.803,14.22
2018-05-01,cpi_gasoline_all_types,CUSR0000SETB01,242.344,22.49
2018-06-01,cpi_gasoline_all_types,CUSR0000SETB01,243.105,24.16
2018-07-01,cpi_gasoline_all_types,CUSR0000SETB01,241.377,25.79
2018-08-01,cpi_gasoline_all_types,CUSR0000SETB01,246.229,20.95
2018-09-01,cpi_gasoline_all_types,CUSR0000SETB01,250.369,9.69
2018-10-01,cpi_gasoline_all_types,CUSR0000SETB01,253.471,15.75
2018-11-01,cpi_gasoline_all_types,CUSR0000SETB01,238.309,4.11
2018-12-01,cpi_gasoline_all_types,CUSR0000SETB01,225.063,-1.67
2019-01-01,cpi_gasoline_all_types,CUSR0000SETB01,208.73,-11.3
2019-02-01,cpi_gasoline_all_types,CUSR0000SETB01,217.237,-9.4
2019-03-01,cpi_gasoline_all_types,CUSR0000SETB01,230.013,-0.57
2019-04-01,cpi_gasoline_all_types,CUSR0000SETB01,245.651,2.87
2019-05-01,cpi_gasoline_all_types,CUSR0000SETB01,242.557,0.09
2019-06-01,cpi_gasoline_all_types,CUSR0000SETB01,231.691,-4.7
2019-07-01,cpi_gasoline_all_types,CUSR0000SETB01,235.098,-2.6
2019-08-01,cpi_gasoline_all_types,CUSR0000SETB01,229.734,-6.7
2019-09-01,cpi_gasoline_all_types,CUSR0000SETB01,228.23,-8.84
2019-10-01,cpi_gasoline_all_types,CUSR0000SETB01,232.348,-8.33
2019-11-01,cpi_gasoline_all_types,CUSR0000SETB01,236.924,-0.58
2019-12-01,cpi_gasoline_all_types,CUSR0000SETB01,244.197,8.5
2020-01-01,cpi_gasoline_all_types,CUSR0000SETB01,242.397,16.13
2020-02-01,cpi_gasoline_all_types,CUSR0000SETB01,230.646,6.17
2020-03-01,cpi_gasoline_all_types,CUSR0000SETB01,204.901,-10.92
2020-04-01,cpi_gasoline_all_types,CUSR0000SETB01,164.836,-32.9
2020-05-01,cpi_gasoline_all_types,CUSR0000SETB01,160.261,-33.93
2020-06-01,cpi_gasoline_all_types,CUSR0000SETB01,178.169,-23.1
2020-07-01,cpi_gasoline_all_types,CUSR0000SETB01,185.072,-21.28
2020-08-01,cpi_gasoline_all_types,CUSR0000SETB01,188.325,-18.02
2020-09-01,cpi_gasoline_all_types,CUSR0000SETB01,193.069,-15.41
2020-10-01,cpi_gasoline_all_types,CUSR0000SETB01,191.525,-17.57
2020-11-01,cpi_gasoline_all_types,CUSR0000SETB01,191.823,-19.04
2020-12-01,cpi_gasoline_all_types,CUSR0000SETB01,208.753,-14.51
2021-01-01,cpi_gasoline_all_types,CUSR0000SETB01,223.567,-7.77
2021-02-01,cpi_gasoline_all_types,CUSR0000SETB01,234.713,1.76
2021-03-01,cpi_gasoline_all_types,CUSR0000SETB01,254.403,24.16
2021-04-01,cpi_gasoline_all_types,CUSR0000SETB01,246.052,49.27
2021-05-01,cpi_gasoline_all_types,CUSR0000SETB01,249.382,55.61
2021-06-01,cpi_gasoline_all_types,CUSR0000SETB01,256.305,43.85
2021-07-01,cpi_gasoline_all_types,CUSR0000SETB01,260.515,40.76
2021-08-01,cpi_gasoline_all_types,CUSR0000SETB01,266.871,41.71
2021-09-01,cpi_gasoline_all_types,CUSR0000SETB01,273.26,41.53
2021-10-01,cpi_gasoline_all_types,CUSR0000SETB01,286.527,49.6
2021-11-01,cpi_gasoline_all_types,CUSR0000SETB01,305.127,59.07
2021-12-01,cpi_gasoline_all_types,CUSR0000SETB01,313.591,50.22
2022-01-01,cpi_gasoline_all_types,CUSR0000SETB01,312.894,39.96
2022-02-01,cpi_gasoline_all_types,CUSR0000SETB01,323.33,37.76
2022-03-01,cpi_gasoline_all_types,CUSR0000SETB01,375.953,47.78
2022-04-01,cpi_gasoline_all_types,CUSR0000SETB01,352.96,43.45
2022-05-01,cpi_gasoline_all_types,CUSR0000SETB01,371.34,48.9
2022-06-01,cpi_gasoline_all_types,CUSR0000SETB01,409.671,59.84
2022-07-01,cpi_gasoline_all_types,CUSR0000SETB01,375.422,44.11
2022-08-01,cpi_gasoline_all_types,CUSR0000SETB01,335.333,25.65
2022-09-01,cpi_gasoline_all_types,CUSR0000SETB01,322.853,18.15
2022-10-01,cpi_gasoline_all_types,CUSR0000SETB01,337.263,17.71
2022-11-01,cpi_gasoline_all_types,CUSR0000SETB01,336.273,10.21
2022-12-01,cpi_gasoline_all_types,CUSR0000SETB01,309.091,-1.43
2023-01-01,cpi_gasoline_all_types,CUSR0000SETB01,317.38,1.43
2023-02-01,cpi_gasoline_all_types,CUSR0000SETB01,316.327,-2.17
2023-03-01,cpi_gasoline_all_types,CUSR0000SETB01,309.776,-17.6
2023-04-01,cpi_gasoline_all_types,CUSR0000SETB01,309.412,-12.34
2023-05-01,cpi_gasoline_all_types,CUSR0000SETB01,298.832,-19.53
2023-06-01,cpi_gasoline_all_types,CUSR0000SETB01,301.426,-26.42
2023-07-01,cpi_gasoline_all_types,CUSR0000SETB01,300.625,-19.92
2023-08-01,cpi_gasoline_all_types,CUSR0000SETB01,323.701,-3.47
2023-09-01,cpi_gasoline_all_types,CUSR0000SETB01,332.732,3.06
2023-10-01,cpi_gasoline_all_types,CUSR0000SETB01,320.296,-5.03
2023-11-01,cpi_gasoline_all_types,CUSR0000SETB01,306.714,-8.79
2023-12-01,cpi_gasoline_all_types,CUSR0000SETB01,303.319,-1.87
2024-01-01,cpi_gasoline_all_types,CUSR0000SETB01,297.154,-6.37
2024-02-01,cpi_gasoline_all_types,CUSR0000SETB01,303.183,-4.16
2024-03-01,cpi_gasoline_all_types,CUSR0000SETB01,313.054,1.06
2024-04-01,cpi_gasoline_all_types,CUSR0000SETB01,312.728,1.07
2024-05-01,cpi_gasoline_all_types,CUSR0000SETB01,305.909,2.37
2024-06-01,cpi_gasoline_all_types,CUSR0000SETB01,294.143,-2.42
2024-07-01,cpi_gasoline_all_types,CUSR0000SETB01,294.025,-2.2
2024-08-01,cpi_gasoline_all_types,CUSR0000SETB01,290.263,-10.33
2024-09-01,cpi_gasoline_all_types,CUSR0000SETB01,282.057,-15.23
2024-10-01,cpi_gasoline_all_types,CUSR0000SETB01,281.588,-12.09
2024-11-01,cpi_gasoline_all_types,CUSR0000SETB01,281.939,-8.08
2024-12-01,cpi_gasoline_all_types,CUSR0000SETB01,293.155,-3.35
2025-01-01,cpi_gasoline_all_types,CUSR0000SETB01,296.78,-0.13
2025-02-01,cpi_gasoline_all_types,CUSR0000SETB01,293.232,-3.28
2025-03-01,cpi_gasoline_all_types,CUSR0000SETB01,282.129,-9.88
2025-04-01,cpi_gasoline_all_types,CUSR0000SETB01,275.454,-11.92
2025-05-01,cpi_gasoline_all_types,CUSR0000SETB01,269.584,-11.87
2025-06-01,cpi_gasoline_all_types,CUSR0000SETB01,269.865,-8.25
2025-07-01,cpi_gasoline_all_types,CUSR0000SETB01,266.542,-9.35
2025-08-01,cpi_gasoline_all_types,CUSR0000SETB01,270.922,-6.66
2025-09-01,cpi_gasoline_all_types,CUSR0000SETB01,280.658,-0.5
2025-10-01,cpi_gasoline_all_types,CUSR0000SETB01,276.991,-1.63
2025-11-01,cpi_gasoline_all_types,CUSR0000SETB01,284.56,0.93
2025-12-01,cpi_gasoline_all_types,CUSR0000SETB01,283.599,-3.26
2026-01-01,cpi_gasoline_all_types,CUSR0000SETB01,274.547,-7.49
2026-02-01,cpi_gasoline_all_types,CUSR0000SETB01,276.754,-5.62
2026-03-01,cpi_gasoline_all_types,CUSR0000SETB01,335.5,18.92
2026-04-01,cpi_gasoline_all_types,CUSR0000SETB01,353.74,28.42
2026-05-01,cpi_gasoline_all_types,CUSR0000SETB01,378.66,40.46
2026-06-01,cpi_gasoline_all_types,CUSR0000SETB01,341.98,26.72
2026-07-01,cpi_gasoline_all_types,CUSR0000SETB01,332.215,24.64
2026-08-01,cpi_gasoline_all_types,CUSR0000SETB01,345.169,27.41
2017-01-01,cpi_motor_vehicle_insurance,CUSR0000SETE,509.275,
2017-02-01,cpi_motor_vehicle_insurance,CUSR0000SETE,511.125,
2017-03-01,cpi_motor_vehicle_insurance,CUSR0000SETE,515.074,
2017-04-01,cpi_motor_vehicle_insurance,CUSR0000SETE,515.003,
2017-05-01,cpi_motor_vehicle_insurance,CUSR0000SETE,520.722,
2017-06-01,cpi_motor_vehicle_insurance,CUSR0000SETE,525.931,
2017-07-01,cpi_motor_vehicle_insurance,CUSR0000SETE,528.26,
2017-08-01,cpi_motor_vehicle_insurance,CUSR0000SETE,533.608,
2017-09-01,cpi_motor_vehicle_insurance,CUSR0000SETE,536.015,
2017-10-01,cpi_motor_vehicle_insurance,CUSR0000SETE,539.144,
2017-11-01,cpi_motor_vehicle_insurance,CUSR0000SETE,542.965,
2017-12-01,cpi_motor_vehicle_insurance,CUSR0000SETE,546.549,
2018-01-01,cpi_motor_vehicle_insurance,CUSR0000SETE,552.617,8.51
2018-02-01,cpi_motor_vehicle_insurance,CUSR0000SETE,560.327,9.63
2018-03-01,cpi_motor_vehicle_insurance,CUSR0000SETE,560.022,8.73
2018-04-01,cpi_motor_vehicle_insurance,CUSR0000SETE,561.223,8.97
2018-05-01,cpi_motor_vehicle_insurance,CUSR0000SETE,564.13,8.34
2018-06-01,cpi_motor_vehicle_insurance,CUSR0000SETE,565.864,7.59
2018-07-01,cpi_motor_vehicle_insurance,CUSR0000SETE,567.647,7.46
2018-08-01,cpi_motor_vehicle_insurance,CUSR0000SETE,568.147,6.47
2018-09-01,cpi_motor_vehicle_insurance,CUSR0000SETE,571.655,6.65
2018-10-01,cpi_motor_vehicle_insurance,CUSR0000SETE,575.108,6.67
2018-11-01,cpi_motor_vehicle_insurance,CUSR0000SETE,573.253,5.58
2018-12-01,cpi_motor_vehicle_insurance,CUSR0000SETE,572.187,4.69
2019-01-01,cpi_motor_vehicle_insurance,CUSR0000SETE,571.541,3.42
2019-02-01,cpi_motor_vehicle_insurance,CUSR0000SETE,570.708,1.85
2019-03-01,cpi_motor_vehicle_insurance,CUSR0000SETE,568.761,1.56
2019-04-01,cpi_motor_vehicle_insurance,CUSR0000SETE,569.453,1.47
2019-05-01,cpi_motor_vehicle_insurance,CUSR0000SETE,568.065,0.7
2019-06-01,cpi_motor_vehicle_insurance,CUSR0000SETE,569.449,0.63
2019-07-01,cpi_motor_vehicle_insurance,CUSR0000SETE,570.961,0.58
2019-08-01,cpi_motor_vehicle_insurance,CUSR0000SETE,572.052,0.69
2019-09-01,cpi_motor_vehicle_insurance,CUSR0000SETE,572.506,0.15
2019-10-01,cpi_motor_vehicle_insurance,CUSR0000SETE,573.403,-0.3
2019-11-01,cpi_motor_vehicle_insurance,CUSR0000SETE,572.459,-0.14
2019-12-01,cpi_motor_vehicle_insurance,CUSR0000SETE,573.282,0.19
2020-01-01,cpi_motor_vehicle_insurance,CUSR0000SETE,572.109,0.1
2020-02-01,cpi_motor_vehicle_insurance,CUSR0000SETE,573.008,0.4
2020-03-01,cpi_motor_vehicle_insurance,CUSR0000SETE,575.743,1.23
2020-04-01,cpi_motor_vehicle_insurance,CUSR0000SETE,533.873,-6.25
2020-05-01,cpi_motor_vehicle_insurance,CUSR0000SETE,486.861,-14.29
2020-06-01,cpi_motor_vehicle_insurance,CUSR0000SETE,512.028,-10.08
2020-07-01,cpi_motor_vehicle_insurance,CUSR0000SETE,560.161,-1.89
2020-08-01,cpi_motor_vehicle_insurance,CUSR0000SETE,563.101,-1.56
2020-09-01,cpi_motor_vehicle_insurance,CUSR0000SETE,542.968,-5.16
2020-10-01,cpi_motor_vehicle_insurance,CUSR0000SETE,531.206,-7.36
2020-11-01,cpi_motor_vehicle_insurance,CUSR0000SETE,538.133,-6.0
2020-12-01,cpi_motor_vehicle_insurance,CUSR0000SETE,546.239,-4.72
2021-01-01,cpi_motor_vehicle_insurance,CUSR0000SETE,551.667,-3.57
2021-02-01,cpi_motor_vehicle_insurance,CUSR0000SETE,556.576,-2.87
2021-03-01,cpi_motor_vehicle_insurance,CUSR0000SETE,561.021,-2.56
2021-04-01,cpi_motor_vehicle_insurance,CUSR0000SETE,565.79,5.98
2021-05-01,cpi_motor_vehicle_insurance,CUSR0000SETE,568.842,16.84
2021-06-01,cpi_motor_vehicle_insurance,CUSR0000SETE,569.789,11.28
2021-07-01,cpi_motor_vehicle_insurance,CUSR0000SETE,568.918,1.56
2021-08-01,cpi_motor_vehicle_insurance,CUSR0000SETE,568.56,0.97
2021-09-01,cpi_motor_vehicle_insurance,CUSR0000SETE,569.076,4.81
2021-10-01,cpi_motor_vehicle_insurance,CUSR0000SETE,565.043,6.37
2021-11-01,cpi_motor_vehicle_insurance,CUSR0000SETE,569.447,5.82
2021-12-01,cpi_motor_vehicle_insurance,CUSR0000SETE,569.534,4.26
2022-01-01,cpi_motor_vehicle_insurance,CUSR0000SETE,574.29,4.1
2022-02-01,cpi_motor_vehicle_insurance,CUSR0000SETE,580.315,4.27
2022-03-01,cpi_motor_vehicle_insurance,CUSR0000SETE,584.751,4.23
2022-04-01,cpi_motor_vehicle_insurance,CUSR0000SETE,590.513,4.37
2022-05-01,cpi_motor_vehicle_insurance,CUSR0000SETE,594.105,4.44
2022-06-01,cpi_motor_vehicle_insurance,CUSR0000SETE,603.94,5.99
2022-07-01,cpi_motor_vehicle_insurance,CUSR0000SETE,610.763,7.36
2022-08-01,cpi_motor_vehicle_insurance,CUSR0000SETE,617.619,8.63
2022-09-01,cpi_motor_vehicle_insurance,CUSR0000SETE,627.689,10.3
2022-10-01,cpi_motor_vehicle_insurance,CUSR0000SETE,637.814,12.88
2022-11-01,cpi_motor_vehicle_insurance,CUSR0000SETE,646.294,13.5
2022-12-01,cpi_motor_vehicle_insurance,CUSR0000SETE,651.318,14.36
2023-01-01,cpi_motor_vehicle_insurance,CUSR0000SETE,659.076,14.76
2023-02-01,cpi_motor_vehicle_insurance,CUSR0000SETE,663.946,14.41
2023-03-01,cpi_motor_vehicle_insurance,CUSR0000SETE,672.231,14.96
2023-04-01,cpi_motor_vehicle_insurance,CUSR0000SETE,682.009,15.49
2023-05-01,cpi_motor_vehicle_insurance,CUSR0000SETE,695.481,17.06
2023-06-01,cpi_motor_vehicle_insurance,CUSR0000SETE,705.668,16.84
2023-07-01,cpi_motor_vehicle_insurance,CUSR0000SETE,718.667,17.67
2023-08-01,cpi_motor_vehicle_insurance,CUSR0000SETE,735.233,19.04
2023-09-01,cpi_motor_vehicle_insurance,CUSR0000SETE,746.002,18.85
2023-10-01,cpi_motor_vehicle_insurance,CUSR0000SETE,760.69,19.27
2023-11-01,cpi_motor_vehicle_insurance,CUSR0000SETE,771.18,19.32
2023-12-01,cpi_motor_vehicle_insurance,CUSR0000SETE,783.882,20.35
2024-01-01,cpi_motor_vehicle_insurance,CUSR0000SETE,794.855,20.6
2024-02-01,cpi_motor_vehicle_insurance,CUSR0000SETE,800.317,20.54
2024-03-01,cpi_motor_vehicle_insurance,CUSR0000SETE,821.514,22.21
2024-04-01,cpi_motor_vehicle_insurance,CUSR0000SETE,836.477,22.65
2024-05-01,cpi_motor_vehicle_insurance,CUSR0000SETE,836.177,20.23
2024-06-01,cpi_motor_vehicle_insurance,CUSR0000SETE,843.642,19.55
2024-07-01,cpi_motor_vehicle_insurance,CUSR0000SETE,851.568,18.49
2024-08-01,cpi_motor_vehicle_insurance,CUSR0000SETE,856.197,16.45
2024-09-01,cpi_motor_vehicle_insurance,CUSR0000SETE,867.642,16.31
2024-10-01,cpi_motor_vehicle_insurance,CUSR0000SETE,867.438,14.03
2024-11-01,cpi_motor_vehicle_insurance,CUSR0000SETE,870.003,12.81
2024-12-01,cpi_motor_vehicle_insurance,CUSR0000SETE,872.695,11.33
2025-01-01,cpi_motor_vehicle_insurance,CUSR0000SETE,888.526,11.78
2025-02-01,cpi_motor_vehicle_insurance,CUSR0000SETE,889.027,11.08
2025-03-01,cpi_motor_vehicle_insurance,CUSR0000SETE,883.375,7.53
2025-04-01,cpi_motor_vehicle_insurance,CUSR0000SETE,889.621,6.35
2025-05-01,cpi_motor_vehicle_insurance,CUSR0000SETE,894.287,6.95
2025-06-01,cpi_motor_vehicle_insurance,CUSR0000SETE,895.555,6.15
2025-07-01,cpi_motor_vehicle_insurance,CUSR0000SETE,896.219,5.24
2025-08-01,cpi_motor_vehicle_insurance,CUSR0000SETE,895.769,4.62
2025-09-01,cpi_motor_vehicle_insurance,CUSR0000SETE,894.987,3.15
2025-12-01,cpi_motor_vehicle_insurance,CUSR0000SETE,897.307,3.44
2026-01-01,cpi_motor_vehicle_insurance,CUSR0000SETE,893.366,2.69
2026-02-01,cpi_motor_vehicle_insurance,CUSR0000SETE,890.451,2.03
2026-03-01,cpi_motor_vehicle_insurance,CUSR0000SETE,890.113,0.18
2026-04-01,cpi_motor_vehicle_insurance,CUSR0000SETE,891.373,0.26
2026-05-01,cpi_motor_vehicle_insurance,CUSR0000SETE,876.323,-0.8
2026-06-01,cpi_motor_vehicle_insurance,CUSR0000SETE,858.747,-3.47
2026-07-01,cpi_motor_vehicle_insurance,CUSR0000SETE,856.268,-4.25
2026-08-01,cpi_motor_vehicle_insurance,CUSR0000SETE,849.837,-5.1
2017-01-01,cpi_motor_vehicle_maintenance_repair,CUSR0000SETD,279.523,
2017-02-01,cpi_motor_vehicle_maintenance_repair,CUSR0000SETD,279.782,
2017-03-01,cpi_motor_vehicle_maintenance_repair,CUSR0000SETD,279.6,
2017-04-01,cpi_motor_vehicle_maintenance_repair,CUSR0000SETD,280.17,
2017-05-01,cpi_motor_vehicle_maintenance_repair,CUSR0000SETD,280.388,
2017-06-01,cpi_motor_vehicle_maintenance_repair,CUSR0000SETD,279.294,
2017-07-01,cpi_motor_vehicle_maintenance_repair,CUSR0000SETD,279.605,
2017-08-01,cpi_motor_vehicle_maintenance_repair,CUSR0000SETD,280.488,
2017-09-01,cpi_motor_vehicle_maintenance_repair,CUSR0000SETD,282.203,
2017-10-01,cpi_motor_vehicle_maintenance_repair,CUSR0000SETD,283.257,
2017-11-01,cpi_motor_vehicle_maintenance_repair,CUSR0000SETD,282.502,
2017-12-01,cpi_motor_vehicle_maintenance_repair,CUSR0000SETD,283.107,
2018-01-01,cpi_motor_vehicle_maintenance_repair,CUSR0000SETD,283.305,1.35
2018-02-01,cpi_motor_vehicle_maintenance_repair,CUSR0000SETD,284.032,1.52
2018-03-01,cpi_motor_vehicle_maintenance_repair,CUSR0000SETD,283.656,1.45
2018-04-01,cpi_motor_vehicle_maintenance_repair,CUSR0000SETD,284.367,1.5
2018-05-01,cpi_motor_vehicle_maintenance_repair,CUSR0000SETD,284.851,1.59
2018-06-01,cpi_motor_vehicle_maintenance_repair,CUSR0000SETD,285.753,2.31
2018-07-01,cpi_motor_vehicle_maintenance_repair,CUSR0000SETD,286.067,2.31
2018-08-01,cpi_motor_vehicle_maintenance_repair,CUSR0000SETD,286.931,2.3
2018-09-01,cpi_motor_vehicle_maintenance_repair,CUSR0000SETD,288.457,2.22
2018-10-01,cpi_motor_vehicle_maintenance_repair,CUSR0000SETD,289.057,2.05
2018-11-01,cpi_motor_vehicle_maintenance_repair,CUSR0000SETD,290.114,2.69
2018-12-01,cpi_motor_vehicle_maintenance_repair,CUSR0000SETD,289.705,2.33
2019-01-01,cpi_motor_vehicle_maintenance_repair,CUSR0000SETD,290.758,2.63
2019-02-01,cpi_motor_vehicle_maintenance_repair,CUSR0000SETD,291.993,2.8
2019-03-01,cpi_motor_vehicle_maintenance_repair,CUSR0000SETD,294.226,3.73
2019-04-01,cpi_motor_vehicle_maintenance_repair,CUSR0000SETD,295.266,3.83
2019-05-01,cpi_motor_vehicle_maintenance_repair,CUSR0000SETD,294.586,3.42
2019-06-01,cpi_motor_vehicle_maintenance_repair,CUSR0000SETD,295.67,3.47
2019-07-01,cpi_motor_vehicle_maintenance_repair,CUSR0000SETD,295.377,3.25
2019-08-01,cpi_motor_vehicle_maintenance_repair,CUSR0000SETD,297.884,3.82
2019-09-01,cpi_motor_vehicle_maintenance_repair,CUSR0000SETD,298.441,3.46
2019-10-01,cpi_motor_vehicle_maintenance_repair,CUSR0000SETD,298.925,3.41
2019-11-01,cpi_motor_vehicle_maintenance_repair,CUSR0000SETD,299.26,3.15
2019-12-01,cpi_motor_vehicle_maintenance_repair,CUSR0000SETD,299.614,3.42
2020-01-01,cpi_motor_vehicle_maintenance_repair,CUSR0000SETD,300.112,3.22
2020-02-01,cpi_motor_vehicle_maintenance_repair,CUSR0000SETD,302.22,3.5
2020-03-01,cpi_motor_vehicle_maintenance_repair,CUSR0000SETD,304.131,3.37
2020-04-01,cpi_motor_vehicle_maintenance_repair,CUSR0000SETD,304.376,3.09
2020-05-01,cpi_motor_vehicle_maintenance_repair,CUSR0000SETD,305.574,3.73
2020-06-01,cpi_motor_vehicle_maintenance_repair,CUSR0000SETD,305.736,3.4
2020-07-01,cpi_motor_vehicle_maintenance_repair,CUSR0000SETD,305.573,3.45
2020-08-01,cpi_motor_vehicle_maintenance_repair,CUSR0000SETD,307.554,3.25
2020-09-01,cpi_motor_vehicle_maintenance_repair,CUSR0000SETD,308.198,3.27
2020-10-01,cpi_motor_vehicle_maintenance_repair,CUSR0000SETD,308.569,3.23
2020-11-01,cpi_motor_vehicle_maintenance_repair,CUSR0000SETD,309.949,3.57
2020-12-01,cpi_motor_vehicle_maintenance_repair,CUSR0000SETD,309.888,3.43
2021-01-01,cpi_motor_vehicle_maintenance_repair,CUSR0000SETD,310.662,3.52
2021-02-01,cpi_motor_vehicle_maintenance_repair,CUSR0000SETD,311.627,3.11
2021-03-01,cpi_motor_vehicle_maintenance_repair,CUSR0000SETD,314.66,3.46
2021-04-01,cpi_motor_vehicle_maintenance_repair,CUSR0000SETD,315.177,3.55
2021-05-01,cpi_motor_vehicle_maintenance_repair,CUSR0000SETD,314.164,2.81
2021-06-01,cpi_motor_vehicle_maintenance_repair,CUSR0000SETD,315.209,3.1
2021-07-01,cpi_motor_vehicle_maintenance_repair,CUSR0000SETD,318.031,4.08
2021-08-01,cpi_motor_vehicle_maintenance_repair,CUSR0000SETD,320.504,4.21
2021-09-01,cpi_motor_vehicle_maintenance_repair,CUSR0000SETD,320.446,3.97
2021-10-01,cpi_motor_vehicle_maintenance_repair,CUSR0000SETD,325.095,5.36
2021-11-01,cpi_motor_vehicle_maintenance_repair,CUSR0000SETD,325.076,4.88
2021-12-01,cpi_motor_vehicle_maintenance_repair,CUSR0000SETD,324.688,4.78
2022-01-01,cpi_motor_vehicle_maintenance_repair,CUSR0000SETD,325.448,4.76
2022-02-01,cpi_motor_vehicle_maintenance_repair,CUSR0000SETD,331.13,6.26
2022-03-01,cpi_motor_vehicle_maintenance_repair,CUSR0000SETD,329.992,4.87
2022-04-01,cpi_motor_vehicle_maintenance_repair,CUSR0000SETD,331.735,5.25
2022-05-01,cpi_motor_vehicle_maintenance_repair,CUSR0000SETD,333.258,6.08
2022-06-01,cpi_motor_vehicle_maintenance_repair,CUSR0000SETD,340.058,7.88
2022-07-01,cpi_motor_vehicle_maintenance_repair,CUSR0000SETD,343.678,8.06
2022-08-01,cpi_motor_vehicle_maintenance_repair,CUSR0000SETD,349.539,9.06
2022-09-01,cpi_motor_vehicle_maintenance_repair,CUSR0000SETD,356.076,11.12
2022-10-01,cpi_motor_vehicle_maintenance_repair,CUSR0000SETD,358.597,10.31
2022-11-01,cpi_motor_vehicle_maintenance_repair,CUSR0000SETD,363.195,11.73
2022-12-01,cpi_motor_vehicle_maintenance_repair,CUSR0000SETD,366.96,13.02
2023-01-01,cpi_motor_vehicle_maintenance_repair,CUSR0000SETD,371.78,14.24
2023-02-01,cpi_motor_vehicle_maintenance_repair,CUSR0000SETD,372.572,12.52
2023-03-01,cpi_motor_vehicle_maintenance_repair,CUSR0000SETD,373.865,13.3
2023-04-01,cpi_motor_vehicle_maintenance_repair,CUSR0000SETD,375.89,13.31
2023-05-01,cpi_motor_vehicle_maintenance_repair,CUSR0000SETD,378.182,13.48
2023-06-01,cpi_motor_vehicle_maintenance_repair,CUSR0000SETD,383.196,12.69
2023-07-01,cpi_motor_vehicle_maintenance_repair,CUSR0000SETD,387.159,12.65
2023-08-01,cpi_motor_vehicle_maintenance_repair,CUSR0000SETD,391.395,11.97
2023-09-01,cpi_motor_vehicle_maintenance_repair,CUSR0000SETD,392.222,10.15
2023-10-01,cpi_motor_vehicle_maintenance_repair,CUSR0000SETD,392.861,9.56
2023-11-01,cpi_motor_vehicle_maintenance_repair,CUSR0000SETD,393.924,8.46
2023-12-01,cpi_motor_vehicle_maintenance_repair,CUSR0000SETD,392.897,7.07
2024-01-01,cpi_motor_vehicle_maintenance_repair,CUSR0000SETD,396.004,6.52
2024-02-01,cpi_motor_vehicle_maintenance_repair,CUSR0000SETD,397.541,6.7
2024-03-01,cpi_motor_vehicle_maintenance_repair,CUSR0000SETD,404.475,8.19
2024-04-01,cpi_motor_vehicle_maintenance_repair,CUSR0000SETD,404.38,7.58
2024-05-01,cpi_motor_vehicle_maintenance_repair,CUSR0000SETD,405.487,7.22
2024-06-01,cpi_motor_vehicle_maintenance_repair,CUSR0000SETD,406.321,6.03
2024-07-01,cpi_motor_vehicle_maintenance_repair,CUSR0000SETD,405.109,4.64
2024-08-01,cpi_motor_vehicle_maintenance_repair,CUSR0000SETD,407.374,4.08
2024-09-01,cpi_motor_vehicle_maintenance_repair,CUSR0000SETD,411.276,4.86
2024-10-01,cpi_motor_vehicle_maintenance_repair,CUSR0000SETD,415.598,5.79
2024-11-01,cpi_motor_vehicle_maintenance_repair,CUSR0000SETD,416.418,5.71
2024-12-01,cpi_motor_vehicle_maintenance_repair,CUSR0000SETD,417.312,6.21
2025-01-01,cpi_motor_vehicle_maintenance_repair,CUSR0000SETD,419.417,5.91
2025-02-01,cpi_motor_vehicle_maintenance_repair,CUSR0000SETD,420.48,5.77
2025-03-01,cpi_motor_vehicle_maintenance_repair,CUSR0000SETD,424.012,4.83
2025-04-01,cpi_motor_vehicle_maintenance_repair,CUSR0000SETD,426.849,5.56
2025-05-01,cpi_motor_vehicle_maintenance_repair,CUSR0000SETD,426.264,5.12
2025-06-01,cpi_motor_vehicle_maintenance_repair,CUSR0000SETD,427.256,5.15
2025-07-01,cpi_motor_vehicle_maintenance_repair,CUSR0000SETD,431.604,6.54
2025-08-01,cpi_motor_vehicle_maintenance_repair,CUSR0000SETD,441.987,8.5
2025-09-01,cpi_motor_vehicle_maintenance_repair,CUSR0000SETD,442.843,7.68
2025-11-01,cpi_motor_vehicle_maintenance_repair,CUSR0000SETD,445.325,7.15
2025-12-01,cpi_motor_vehicle_maintenance_repair,CUSR0000SETD,439.752,5.6
2026-01-01,cpi_motor_vehicle_maintenance_repair,CUSR0000SETD,440.175,5.48
2026-02-01,cpi_motor_vehicle_maintenance_repair,CUSR0000SETD,444.107,5.89
2026-03-01,cpi_motor_vehicle_maintenance_repair,CUSR0000SETD,449.675,6.94
2026-04-01,cpi_motor_vehicle_maintenance_repair,CUSR0000SETD,448.821,5.85
2026-05-01,cpi_motor_vehicle_maintenance_repair,CUSR0000SETD,452.383,5.98
2026-06-01,cpi_motor_vehicle_maintenance_repair,CUSR0000SETD,457.313,7.28
2026-07-01,cpi_motor_vehicle_maintenance_repair,CUSR0000SETD,460.185,7.71
2026-08-01,cpi_motor_vehicle_maintenance_repair,CUSR0000SETD,465.136,7.77
2017-01-01,cpi_new_vehicles,CUSR0000SETA01,148.166,
2017-02-01,cpi_new_vehicles,CUSR0000SETA01,148.284,
2017-03-01,cpi_new_vehicles,CUSR0000SETA01,148.053,
2017-04-01,cpi_new_vehicles,CUSR0000SETA01,148.147,
2017-05-01,cpi_new_vehicles,CUSR0000SETA01,147.786,
2017-06-01,cpi_new_vehicles,CUSR0000SETA01,147.097,
2017-07-01,cpi_new_vehicles,CUSR0000SETA01,146.198,
2017-08-01,cpi_new_vehicles,CUSR0000SETA01,146.097,
2017-09-01,cpi_new_vehicles,CUSR0000SETA01,145.747,
2017-10-01,cpi_new_vehicles,CUSR0000SETA01,145.474,
2017-11-01,cpi_new_vehicles,CUSR0000SETA01,145.901,
2017-12-01,cpi_new_vehicles,CUSR0000SETA01,146.79,
2018-01-01,cpi_new_vehicles,CUSR0000SETA01,147.787,-0.26
2018-02-01,cpi_new_vehicles,CUSR0000SETA01,147.386,-0.61
2018-03-01,cpi_new_vehicles,CUSR0000SETA01,147.475,-0.39
2018-04-01,cpi_new_vehicles,CUSR0000SETA01,145.964,-1.47
2018-05-01,cpi_new_vehicles,CUSR0000SETA01,145.786,-1.35
2018-06-01,cpi_new_vehicles,CUSR0000SETA01,145.769,-0.9
2018-07-01,cpi_new_vehicles,CUSR0000SETA01,145.466,-0.5
2018-08-01,cpi_new_vehicles,CUSR0000SETA01,145.491,-0.41
2018-09-01,cpi_new_vehicles,CUSR0000SETA01,145.434,-0.21
2018-10-01,cpi_new_vehicles,CUSR0000SETA01,145.457,-0.01
2018-11-01,cpi_new_vehicles,CUSR0000SETA01,146.183,0.19
2018-12-01,cpi_new_vehicles,CUSR0000SETA01,147.281,0.33
2019-01-01,cpi_new_vehicles,CUSR0000SETA01,147.792,0.0
2019-02-01,cpi_new_vehicles,CUSR0000SETA01,147.755,0.25
2019-03-01,cpi_new_vehicles,CUSR0000SETA01,148.452,0.66
2019-04-01,cpi_new_vehicles,CUSR0000SETA01,147.686,1.18
2019-05-01,cpi_new_vehicles,CUSR0000SETA01,147.143,0.93
2019-06-01,cpi_new_vehicles,CUSR0000SETA01,146.697,0.64
2019-07-01,cpi_new_vehicles,CUSR0000SETA01,146.081,0.42
2019-08-01,cpi_new_vehicles,CUSR0000SETA01,145.841,0.24
2019-09-01,cpi_new_vehicles,CUSR0000SETA01,145.559,0.09
2019-10-01,cpi_new_vehicles,CUSR0000SETA01,145.596,0.1
2019-11-01,cpi_new_vehicles,CUSR0000SETA01,146.098,-0.06
2019-12-01,cpi_new_vehicles,CUSR0000SETA01,147.316,0.02
2020-01-01,cpi_new_vehicles,CUSR0000SETA01,147.877,0.06
2020-02-01,cpi_new_vehicles,CUSR0000SETA01,148.23,0.32
2020-03-01,cpi_new_vehicles,CUSR0000SETA01,147.67,-0.53
2020-04-01,cpi_new_vehicles,CUSR0000SETA01,146.838,-0.57
2020-05-01,cpi_new_vehicles,CUSR0000SETA01,146.749,-0.27
2020-06-01,cpi_new_vehicles,CUSR0000SETA01,146.449,-0.17
2020-07-01,cpi_new_vehicles,CUSR0000SETA01,146.961,0.6
2020-08-01,cpi_new_vehicles,CUSR0000SETA01,146.898,0.72
2020-09-01,cpi_new_vehicles,CUSR0000SETA01,147.137,1.08
2020-10-01,cpi_new_vehicles,CUSR0000SETA01,147.907,1.59
2020-11-01,cpi_new_vehicles,CUSR0000SETA01,148.443,1.61
2020-12-01,cpi_new_vehicles,CUSR0000SETA01,150.089,1.88
2021-01-01,cpi_new_vehicles,CUSR0000SETA01,149.944,1.4
2021-02-01,cpi_new_vehicles,CUSR0000SETA01,149.92,1.14
2021-03-01,cpi_new_vehicles,CUSR0000SETA01,149.838,1.47
2021-04-01,cpi_new_vehicles,CUSR0000SETA01,149.753,1.99
2021-05-01,cpi_new_vehicles,CUSR0000SETA01,151.706,3.38
2021-06-01,cpi_new_vehicles,CUSR0000SETA01,154.225,5.31
2021-07-01,cpi_new_vehicles,CUSR0000SETA01,156.407,6.43
2021-08-01,cpi_new_vehicles,CUSR0000SETA01,158.16,7.67
2021-09-01,cpi_new_vehicles,CUSR0000SETA01,160.01,8.75
2021-10-01,cpi_new_vehicles,CUSR0000SETA01,162.423,9.81
2021-11-01,cpi_new_vehicles,CUSR0000SETA01,164.865,11.06
2021-12-01,cpi_new_vehicles,CUSR0000SETA01,167.676,11.72
2022-01-01,cpi_new_vehicles,CUSR0000SETA01,168.179,12.16
2022-02-01,cpi_new_vehicles,CUSR0000SETA01,168.467,12.37
2022-03-01,cpi_new_vehicles,CUSR0000SETA01,168.602,12.52
2022-04-01,cpi_new_vehicles,CUSR0000SETA01,169.574,13.24
2022-05-01,cpi_new_vehicles,CUSR0000SETA01,170.877,12.64
2022-06-01,cpi_new_vehicles,CUSR0000SETA01,171.871,11.44
2022-07-01,cpi_new_vehicles,CUSR0000SETA01,172.782,10.47
2022-08-01,cpi_new_vehicles,CUSR0000SETA01,174.086,10.07
2022-09-01,cpi_new_vehicles,CUSR0000SETA01,175.065,9.41
2022-10-01,cpi_new_vehicles,CUSR0000SETA01,176.044,8.39
2022-11-01,cpi_new_vehicles,CUSR0000SETA01,176.718,7.19
2022-12-01,cpi_new_vehicles,CUSR0000SETA01,177.501,5.86
2023-01-01,cpi_new_vehicles,CUSR0000SETA01,177.861,5.76
2023-02-01,cpi_new_vehicles,CUSR0000SETA01,178.281,5.83
2023-03-01,cpi_new_vehicles,CUSR0000SETA01,178.884,6.1
2023-04-01,cpi_new_vehicles,CUSR0000SETA01,178.795,5.44
2023-05-01,cpi_new_vehicles,CUSR0000SETA01,178.855,4.67
2023-06-01,cpi_new_vehicles,CUSR0000SETA01,178.872,4.07
2023-07-01,cpi_new_vehicles,CUSR0000SETA01,178.873,3.53
2023-08-01,cpi_new_vehicles,CUSR0000SETA01,179.195,2.93
2023-09-01,cpi_new_vehicles,CUSR0000SETA01,179.508,2.54
2023-10-01,cpi_new_vehicles,CUSR0000SETA01,179.328,1.87
2023-11-01,cpi_new_vehicles,CUSR0000SETA01,179.074,1.33
2023-12-01,cpi_new_vehicles,CUSR0000SETA01,179.259,0.99
2024-01-01,cpi_new_vehicles,CUSR0000SETA01,179.147,0.72
2024-02-01,cpi_new_vehicles,CUSR0000SETA01,179.045,0.43
2024-03-01,cpi_new_vehicles,CUSR0000SETA01,178.756,-0.07
2024-04-01,cpi_new_vehicles,CUSR0000SETA01,178.188,-0.34
2024-05-01,cpi_new_vehicles,CUSR0000SETA01,177.504,-0.76
2024-06-01,cpi_new_vehicles,CUSR0000SETA01,177.313,-0.87
2024-07-01,cpi_new_vehicles,CUSR0000SETA01,177.066,-1.01
2024-08-01,cpi_new_vehicles,CUSR0000SETA01,177.068,-1.19
2024-09-01,cpi_new_vehicles,CUSR0000SETA01,177.203,-1.28
2024-10-01,cpi_new_vehicles,CUSR0000SETA01,177.045,-1.27
2024-11-01,cpi_new_vehicles,CUSR0000SETA01,177.837,-0.69
2024-12-01,cpi_new_vehicles,CUSR0000SETA01,178.489,-0.43
2025-01-01,cpi_new_vehicles,CUSR0000SETA01,178.538,-0.34
2025-02-01,cpi_new_vehicles,CUSR0000SETA01,178.473,-0.32
2025-03-01,cpi_new_vehicles,CUSR0000SETA01,178.631,-0.07
2025-04-01,cpi_new_vehicles,CUSR0000SETA01,178.763,0.32
2025-05-01,cpi_new_vehicles,CUSR0000SETA01,178.286,0.44
2025-06-01,cpi_new_vehicles,CUSR0000SETA01,177.778,0.26
2025-07-01,cpi_new_vehicles,CUSR0000SETA01,177.842,0.44
2025-08-01,cpi_new_vehicles,CUSR0000SETA01,178.245,0.66
2025-09-01,cpi_new_vehicles,CUSR0000SETA01,178.527,0.75
2025-10-01,cpi_new_vehicles,CUSR0000SETA01,178.609,0.88
2025-11-01,cpi_new_vehicles,CUSR0000SETA01,178.929,0.61
2025-12-01,cpi_new_vehicles,CUSR0000SETA01,178.938,0.25
2026-01-01,cpi_new_vehicles,CUSR0000SETA01,179.2,0.37
2026-02-01,cpi_new_vehicles,CUSR0000SETA01,179.278,0.45
2026-03-01,cpi_new_vehicles,CUSR0000SETA01,179.465,0.47
2026-04-01,cpi_new_vehicles,CUSR0000SETA01,179.174,0.23
2026-05-01,cpi_new_vehicles,CUSR0000SETA01,178.712,0.24
2026-06-01,cpi_new_vehicles,CUSR0000SETA01,178.67,0.5
2026-07-01,cpi_new_vehicles,CUSR0000SETA01,178.81,0.54
2026-08-01,cpi_new_vehicles,CUSR0000SETA01,179.259,0.57
2017-01-01,cpi_transportation,CUSR0000SAT,202.082,
2017-02-01,cpi_transportation,CUSR0000SAT,201.566,
2017-03-01,cpi_transportation,CUSR0000SAT,201.165,
2017-04-01,cpi_transportation,CUSR0000SAT,200.904,
2017-05-01,cpi_transportation,CUSR0000SAT,198.623,
2017-06-01,cpi_transportation,CUSR0000SAT,198.062,
2017-07-01,cpi_transportation,CUSR0000SAT,196.903,
2017-08-01,cpi_transportation,CUSR0000SAT,199.59,
2017-09-01,cpi_transportation,CUSR0000SAT,204.503,
2017-10-01,cpi_transportation,CUSR0000SAT,203.282,
2017-11-01,cpi_transportation,CUSR0000SAT,205.698,
2017-12-01,cpi_transportation,CUSR0000SAT,206.332,
2018-01-01,cpi_transportation,CUSR0000SAT,208.964,3.41
2018-02-01,cpi_transportation,CUSR0000SAT,210.466,4.42
2018-03-01,cpi_transportation,CUSR0000SAT,208.649,3.72
2018-04-01,cpi_transportation,CUSR0000SAT,209.542,4.3
2018-05-01,cpi_transportation,CUSR0000SAT,210.576,6.02
2018-06-01,cpi_transportation,CUSR0000SAT,210.83,6.45
2018-07-01,cpi_transportation,CUSR0000SAT,210.467,6.89
2018-08-01,cpi_transportation,CUSR0000SAT,211.843,6.14
2018-09-01,cpi_transportation,CUSR0000SAT,212.734,4.02
2018-10-01,cpi_transportation,CUSR0000SAT,213.82,5.18
2018-11-01,cpi_transportation,CUSR0000SAT,211.019,2.59
2018-12-01,cpi_transportation,CUSR0000SAT,208.595,1.1
2019-01-01,cpi_transportation,CUSR0000SAT,205.719,-1.55
2019-02-01,cpi_transportation,CUSR0000SAT,207.495,-1.41
2019-03-01,cpi_transportation,CUSR0000SAT,210.097,0.69
2019-04-01,cpi_transportation,CUSR0000SAT,213.037,1.67
2019-05-01,cpi_transportation,CUSR0000SAT,211.761,0.56
2019-06-01,cpi_transportation,CUSR0000SAT,209.25,-0.75
2019-07-01,cpi_transportation,CUSR0000SAT,209.934,-0.25
2019-08-01,cpi_transportation,CUSR0000SAT,209.27,-1.21
2019-09-01,cpi_transportation,CUSR0000SAT,209.085,-1.72
2019-10-01,cpi_transportation,CUSR0000SAT,210.25,-1.67
2019-11-01,cpi_transportation,CUSR0000SAT,211.286,0.13
2019-12-01,cpi_transportation,CUSR0000SAT,213.354,2.28
2020-01-01,cpi_transportation,CUSR0000SAT,213.14,3.61
2020-02-01,cpi_transportation,CUSR0000SAT,211.402,1.88
2020-03-01,cpi_transportation,CUSR0000SAT,204.709,-2.56
2020-04-01,cpi_transportation,CUSR0000SAT,192.375,-9.7
2020-05-01,cpi_transportation,CUSR0000SAT,188.733,-10.87
2020-06-01,cpi_transportation,CUSR0000SAT,192.554,-7.98
2020-07-01,cpi_transportation,CUSR0000SAT,197.289,-6.02
2020-08-01,cpi_transportation,CUSR0000SAT,199.971,-4.44
2020-09-01,cpi_transportation,CUSR0000SAT,202.572,-3.12
2020-10-01,cpi_transportation,CUSR0000SAT,203.23,-3.34
2020-11-01,cpi_transportation,CUSR0000SAT,204.355,-3.28
2020-12-01,cpi_transportation,CUSR0000SAT,208.196,-2.42
2021-01-01,cpi_transportation,CUSR0000SAT,210.632,-1.18
2021-02-01,cpi_transportation,CUSR0000SAT,212.904,0.71
2021-03-01,cpi_transportation,CUSR0000SAT,217.471,6.23
2021-04-01,cpi_transportation,CUSR0000SAT,220.736,14.74
2021-05-01,cpi_transportation,CUSR0000SAT,225.784,19.63
2021-06-01,cpi_transportation,CUSR0000SAT,233.169,21.09
2021-07-01,cpi_transportation,CUSR0000SAT,234.485,18.85
2021-08-01,cpi_transportation,CUSR0000SAT,234.588,17.31
2021-09-01,cpi_transportation,CUSR0000SAT,235.77,16.39
2021-10-01,cpi_transportation,CUSR0000SAT,241.059,18.61
2021-11-01,cpi_transportation,CUSR0000SAT,248.066,21.39
2021-12-01,cpi_transportation,CUSR0000SAT,253.118,21.58
2022-01-01,cpi_transportation,CUSR0000SAT,254.579,20.86
2022-02-01,cpi_transportation,CUSR0000SAT,257.835,21.1
2022-03-01,cpi_transportation,CUSR0000SAT,266.618,22.6
2022-04-01,cpi_transportation,CUSR0000SAT,264.563,19.85
2022-05-01,cpi_transportation,CUSR0000SAT,269.601,19.41
2022-06-01,cpi_transportation,CUSR0000SAT,278.932,19.63
2022-07-01,cpi_transportation,CUSR0000SAT,272.71,16.3
2022-08-01,cpi_transportation,CUSR0000SAT,265.977,13.38
2022-09-01,cpi_transportation,CUSR0000SAT,265.46,12.59
2022-10-01,cpi_transportation,CUSR0000SAT,268.123,11.23
2022-11-01,cpi_transportation,CUSR0000SAT,267.391,7.79
2022-12-01,cpi_transportation,CUSR0000SAT,262.161,3.57
2023-01-01,cpi_transportation,CUSR0000SAT,263.597,3.54
2023-02-01,cpi_transportation,CUSR0000SAT,263.822,2.32
2023-03-01,cpi_transportation,CUSR0000SAT,263.521,-1.16
2023-04-01,cpi_transportation,CUSR0000SAT,265.284,0.27
2023-05-01,cpi_transportation,CUSR0000SAT,265.15,-1.65
2023-06-01,cpi_transportation,CUSR0000SAT,265.787,-4.71
2023-07-01,cpi_transportation,CUSR0000SAT,265.613,-2.6
2023-08-01,cpi_transportation,CUSR0000SAT,270.442,1.68
2023-09-01,cpi_transportation,CUSR0000SAT,271.893,2.42
2023-10-01,cpi_transportation,CUSR0000SAT,270.239,0.79
2023-11-01,cpi_transportation,CUSR0000SAT,269.558,0.81
2023-12-01,cpi_transportation,CUSR0000SAT,269.187,2.68
2024-01-01,cpi_transportation,CUSR0000SAT,267.931,1.64
2024-02-01,cpi_transportation,CUSR0000SAT,270.904,2.68
2024-03-01,cpi_transportation,CUSR0000SAT,274.332,4.1
2024-04-01,cpi_transportation,CUSR0000SAT,274.564,3.5
2024-05-01,cpi_transportation,CUSR0000SAT,272.306,2.7
2024-06-01,cpi_transportation,CUSR0000SAT,269.014,1.21
2024-07-01,cpi_transportation,CUSR0000SAT,268.745,1.18
2024-08-01,cpi_transportation,CUSR0000SAT,268.745,-0.63
2024-09-01,cpi_transportation,CUSR0000SAT,268.853,-1.12
2024-10-01,cpi_transportation,CUSR0000SAT,269.476,-0.28
2024-11-01,cpi_transportation,CUSR0000SAT,270.397,0.31
2024-12-01,cpi_transportation,CUSR0000SAT,273.39,1.56
2025-01-01,cpi_transportation,CUSR0000SAT,276.016,3.02
2025-02-01,cpi_transportation,CUSR0000SAT,275.019,1.52
2025-03-01,cpi_transportation,CUSR0000SAT,271.76,-0.94
2025-04-01,cpi_transportation,CUSR0000SAT,270.662,-1.42
2025-05-01,cpi_transportation,CUSR0000SAT,269.009,-1.21
2025-06-01,cpi_transportation,CUSR0000SAT,269.017,0.0
2025-07-01,cpi_transportation,CUSR0000SAT,269.382,0.24
2025-08-01,cpi_transportation,CUSR0000SAT,271.591,1.06
2025-09-01,cpi_transportation,CUSR0000SAT,273.656,1.79
2025-11-01,cpi_transportation,CUSR0000SAT,274.113,1.72
2025-12-01,cpi_transportation,CUSR0000SAT,274.073,1.36
2026-01-01,cpi_transportation,CUSR0000SAT,273.21,-0.07
2026-02-01,cpi_transportation,CUSR0000SAT,273.766,-0.82
2026-03-01,cpi_transportation,CUSR0000SAT,285.48,3.8
2026-04-01,cpi_transportation,CUSR0000SAT,289.301,6.45
2026-05-01,cpi_transportation,CUSR0000SAT,293.082,8.28
2026-06-01,cpi_transportation,CUSR0000SAT,285.785,6.24
2026-07-01,cpi_transportation,CUSR0000SAT,284.419,5.73
2026-08-01,cpi_transportation,CUSR0000SAT,287.804,6.84
2017-01-01,cpi_used_cars_trucks,CUSR0000SETA02,138.761,
2017-02-01,cpi_used_cars_trucks,CUSR0000SETA02,138.713,
2017-03-01,cpi_used_cars_trucks,CUSR0000SETA02,139.232,
2017-04-01,cpi_used_cars_trucks,CUSR0000SETA02,138.596,
2017-05-01,cpi_used_cars_trucks,CUSR0000SETA02,138.601,
2017-06-01,cpi_used_cars_trucks,CUSR0000SETA02,137.691,
2017-07-01,cpi_used_cars_trucks,CUSR0000SETA02,136.872,
2017-08-01,cpi_used_cars_trucks,CUSR0000SETA02,136.875,
2017-09-01,cpi_used_cars_trucks,CUSR0000SETA02,135.033,
2017-10-01,cpi_used_cars_trucks,CUSR0000SETA02,137.803,
2017-11-01,cpi_used_cars_trucks,CUSR0000SETA02,138.261,
2017-12-01,cpi_used_cars_trucks,CUSR0000SETA02,138.123,
2018-01-01,cpi_used_cars_trucks,CUSR0000SETA02,138.559,-0.15
2018-02-01,cpi_used_cars_trucks,CUSR0000SETA02,138.643,-0.05
2018-03-01,cpi_used_cars_trucks,CUSR0000SETA02,138.212,-0.73
2018-04-01,cpi_used_cars_trucks,CUSR0000SETA02,137.876,-0.52
2018-05-01,cpi_used_cars_trucks,CUSR0000SETA02,138.533,-0.05
2018-06-01,cpi_used_cars_trucks,CUSR0000SETA02,137.952,0.19
2018-07-01,cpi_used_cars_trucks,CUSR0000SETA02,137.608,0.54
2018-08-01,cpi_used_cars_trucks,CUSR0000SETA02,138.093,0.89
2018-09-01,cpi_used_cars_trucks,CUSR0000SETA02,136.92,1.4
2018-10-01,cpi_used_cars_trucks,CUSR0000SETA02,138.247,0.32
2018-11-01,cpi_used_cars_trucks,CUSR0000SETA02,139.763,1.09
2018-12-01,cpi_used_cars_trucks,CUSR0000SETA02,140.18,1.49
2019-01-01,cpi_used_cars_trucks,CUSR0000SETA02,142.214,2.64
2019-02-01,cpi_used_cars_trucks,CUSR0000SETA02,142.272,2.62
2019-03-01,cpi_used_cars_trucks,CUSR0000SETA02,141.218,2.17
2019-04-01,cpi_used_cars_trucks,CUSR0000SETA02,139.895,1.46
2019-05-01,cpi_used_cars_trucks,CUSR0000SETA02,138.573,0.03
2019-06-01,cpi_used_cars_trucks,CUSR0000SETA02,138.241,0.21
2019-07-01,cpi_used_cars_trucks,CUSR0000SETA02,138.132,0.38
2019-08-01,cpi_used_cars_trucks,CUSR0000SETA02,138.686,0.43
2019-09-01,cpi_used_cars_trucks,CUSR0000SETA02,138.694,1.3
2019-10-01,cpi_used_cars_trucks,CUSR0000SETA02,139.701,1.05
2019-11-01,cpi_used_cars_trucks,CUSR0000SETA02,139.579,-0.13
2019-12-01,cpi_used_cars_trucks,CUSR0000SETA02,140.088,-0.07
2020-01-01,cpi_used_cars_trucks,CUSR0000SETA02,139.424,-1.96
2020-02-01,cpi_used_cars_trucks,CUSR0000SETA02,140.593,-1.18
2020-03-01,cpi_used_cars_trucks,CUSR0000SETA02,141.667,0.32
2020-04-01,cpi_used_cars_trucks,CUSR0000SETA02,138.89,-0.72
2020-05-01,cpi_used_cars_trucks,CUSR0000SETA02,137.922,-0.47
2020-06-01,cpi_used_cars_trucks,CUSR0000SETA02,134.156,-2.95
2020-07-01,cpi_used_cars_trucks,CUSR0000SETA02,136.77,-0.99
2020-08-01,cpi_used_cars_trucks,CUSR0000SETA02,144.102,3.91
2020-09-01,cpi_used_cars_trucks,CUSR0000SETA02,152.968,10.29
2020-10-01,cpi_used_cars_trucks,CUSR0000SETA02,155.964,11.64
2020-11-01,cpi_used_cars_trucks,CUSR0000SETA02,154.817,10.92
2020-12-01,cpi_used_cars_trucks,CUSR0000SETA02,154.216,10.09
2021-01-01,cpi_used_cars_trucks,CUSR0000SETA02,153.361,10.0
2021-02-01,cpi_used_cars_trucks,CUSR0000SETA02,153.647,9.28
2021-03-01,cpi_used_cars_trucks,CUSR0000SETA02,154.93,9.36
2021-04-01,cpi_used_cars_trucks,CUSR0000SETA02,168.006,20.96
2021-05-01,cpi_used_cars_trucks,CUSR0000SETA02,178.929,29.73
2021-06-01,cpi_used_cars_trucks,CUSR0000SETA02,194.846,45.24
2021-07-01,cpi_used_cars_trucks,CUSR0000SETA02,193.734,41.65
2021-08-01,cpi_used_cars_trucks,CUSR0000SETA02,190.066,31.9
2021-09-01,cpi_used_cars_trucks,CUSR0000SETA02,190.308,24.41
2021-10-01,cpi_used_cars_trucks,CUSR0000SETA02,197.214,26.45
2021-11-01,cpi_used_cars_trucks,CUSR0000SETA02,203.485,31.44
2021-12-01,cpi_used_cars_trucks,CUSR0000SETA02,211.728,37.29
2022-01-01,cpi_used_cars_trucks,CUSR0000SETA02,215.494,40.51
2022-02-01,cpi_used_cars_trucks,CUSR0000SETA02,216.876,41.15
2022-03-01,cpi_used_cars_trucks,CUSR0000SETA02,209.646,35.32
2022-04-01,cpi_used_cars_trucks,CUSR0000SETA02,206.194,22.73
2022-05-01,cpi_used_cars_trucks,CUSR0000SETA02,207.673,16.06
2022-06-01,cpi_used_cars_trucks,CUSR0000SETA02,208.687,7.1
2022-07-01,cpi_used_cars_trucks,CUSR0000SETA02,206.552,6.62
2022-08-01,cpi_used_cars_trucks,CUSR0000SETA02,204.837,7.77
2022-09-01,cpi_used_cars_trucks,CUSR0000SETA02,203.94,7.16
2022-10-01,cpi_used_cars_trucks,CUSR0000SETA02,201.171,2.01
2022-11-01,cpi_used_cars_trucks,CUSR0000SETA02,196.659,-3.35
2022-12-01,cpi_used_cars_trucks,CUSR0000SETA02,193.008,-8.84
2023-01-01,cpi_used_cars_trucks,CUSR0000SETA02,190.423,-11.63
2023-02-01,cpi_used_cars_trucks,CUSR0000SETA02,187.711,-13.45
2023-03-01,cpi_used_cars_trucks,CUSR0000SETA02,186.619,-10.98
2023-04-01,cpi_used_cars_trucks,CUSR0000SETA02,192.647,-6.57
2023-05-01,cpi_used_cars_trucks,CUSR0000SETA02,198.793,-4.28
2023-06-01,cpi_used_cars_trucks,CUSR0000SETA02,197.601,-5.31
2023-07-01,cpi_used_cars_trucks,CUSR0000SETA02,194.701,-5.74
2023-08-01,cpi_used_cars_trucks,CUSR0000SETA02,191.078,-6.72
2023-09-01,cpi_used_cars_trucks,CUSR0000SETA02,187.65,-7.99
2023-10-01,cpi_used_cars_trucks,CUSR0000SETA02,186.879,-7.1
2023-11-01,cpi_used_cars_trucks,CUSR0000SETA02,189.444,-3.67
2023-12-01,cpi_used_cars_trucks,CUSR0000SETA02,190.57,-1.26
2024-01-01,cpi_used_cars_trucks,CUSR0000SETA02,183.189,-3.8
2024-02-01,cpi_used_cars_trucks,CUSR0000SETA02,185.254,-1.31
2024-03-01,cpi_used_cars_trucks,CUSR0000SETA02,184.6,-1.08
2024-04-01,cpi_used_cars_trucks,CUSR0000SETA02,181.983,-5.54
2024-05-01,cpi_used_cars_trucks,CUSR0000SETA02,180.577,-9.16
2024-06-01,cpi_used_cars_trucks,CUSR0000SETA02,177.965,-9.94
2024-07-01,cpi_used_cars_trucks,CUSR0000SETA02,175.308,-9.96
2024-08-01,cpi_used_cars_trucks,CUSR0000SETA02,174.703,-8.57
2024-09-01,cpi_used_cars_trucks,CUSR0000SETA02,175.834,-6.3
2024-10-01,cpi_used_cars_trucks,CUSR0000SETA02,177.734,-4.89
2024-11-01,cpi_used_cars_trucks,CUSR0000SETA02,179.904,-5.04
2024-12-01,cpi_used_cars_trucks,CUSR0000SETA02,181.705,-4.65
2025-01-01,cpi_used_cars_trucks,CUSR0000SETA02,184.891,0.93
2025-02-01,cpi_used_cars_trucks,CUSR0000SETA02,186.557,0.7
2025-03-01,cpi_used_cars_trucks,CUSR0000SETA02,185.728,0.61
2025-04-01,cpi_used_cars_trucks,CUSR0000SETA02,184.8,1.55
2025-05-01,cpi_used_cars_trucks,CUSR0000SETA02,183.664,1.71
2025-06-01,cpi_used_cars_trucks,CUSR0000SETA02,182.833,2.74
2025-07-01,cpi_used_cars_trucks,CUSR0000SETA02,183.746,4.81
2025-08-01,cpi_used_cars_trucks,CUSR0000SETA02,185.259,6.04
2025-09-01,cpi_used_cars_trucks,CUSR0000SETA02,184.869,5.14
2025-10-01,cpi_used_cars_trucks,CUSR0000SETA02,186.111,4.71
2025-11-01,cpi_used_cars_trucks,CUSR0000SETA02,186.298,3.55
2025-12-01,cpi_used_cars_trucks,CUSR0000SETA02,184.668,1.63
2026-01-01,cpi_used_cars_trucks,CUSR0000SETA02,181.269,-1.96
2026-02-01,cpi_used_cars_trucks,CUSR0000SETA02,180.589,-3.2
2026-03-01,cpi_used_cars_trucks,CUSR0000SETA02,179.83,-3.18
2026-04-01,cpi_used_cars_trucks,CUSR0000SETA02,179.822,-2.69
2026-05-01,cpi_used_cars_trucks,CUSR0000SETA02,180.005,-1.99
2026-06-01,cpi_used_cars_trucks,CUSR0000SETA02,179.591,-1.77
2026-07-01,cpi_used_cars_trucks,CUSR0000SETA02,180.306,-1.87
2026-08-01,cpi_used_cars_trucks,CUSR0000SETA02,180.965,-2.32
