date,date_precision,event,why_it_matters,thesis_pillar,watch_for
2026-09-18,exact,Progressive August 2026 monthly results,Progressive is the lost customer. Its PIF growth decelerated 10.2pct Apr to 8.8pct Jun. Slower Progressive growth shrinks the volume IAA gained.,P1,Personal auto PIF YoY below 8pct would mean the carrier-mix headwind is fading
2026-10-31,exact,Copart FY27Q1 quarter end,Last quarter that still comps against a pre-Progressive-loss base,P1,Once built our inventory tracker can test whether the listing gap narrows
2026-11-05,approx,RB Global Q3 2026 results,The single most important read on whether IAA bought its volume,P1,Consolidated take rate (control for acquisition mix). A further decline with volume growth still above 8pct supports our thesis. Stabilising take rate with strong volume weakens it.
2026-11-15,approx,Copart FY27Q1 results,Expect another weak reported US insurance number (-6 to -8pct) but watch the ex-customer figure,P1 P3,Whether management repeats an ex-lost-customer growth number and whether opex per car decelerates from +12.7pct
2026-12-31,approx,ACV Auctions acquisition expected close,1.9bn cash out the door reduces buyback capacity,P5,Confirmation of close and any revised buyback commentary
2027-01-31,exact,Copart FY27Q2 quarter end,First quarter that laps the Progressive transition,P1,This is where reported US insurance units should inflect toward the ex-customer trend
2027-02-25,approx,Copart FY27Q2 results,The inflection print. Our thesis is judged here.,P1 P3,Reported US insurance units approaching flat and gross margin recovering toward 44-45pct
2027-03-31,approx,CCC Crash Course 2027 report,Annual total-loss-frequency update,P4,TLF above 23.1pct confirms the structural funnel keeps widening
2027-04-30,exact,Copart FY27Q3 quarter end,Full quarter with no Progressive base effect,P1,Clean read on underlying growth
